id,state,region,chapter,delta_type,villain_name,status_change,role_change,key_event,new_relationships,replaced_by,notes
karnataka,Karnataka,south,2,catalyst-rise-and-fall,Bhoomi-Takshaka,deceased,Restoration Architect (public face — not attacker),Re-emerged as the dignified public leader of the Imperial Restorationist faction; published The Restoration Charter; convinced ~40% of Karnataka; was the catalyst for Tungabhadra's flaw to become public. Died inside the buried-temple sublevel three chamber alongside Tungabhadra; the demolition charges she had rigged caught her too and she chose to stay.,Twin sister of Krishnadevaraya-Bhrata (now hero); cousin to Tungabhadra (also deceased); — no surviving Restorationist successor with her stature,—,"In Chapter One she was the 'dark mirror' shadow-villain who animated stone through corrupted serpent-craft. Was never destroyed. In Chapter Two she is the principal catalyst — but she is publicly respected, not feared. The cousins die together in the same chamber, neither killing the other. Mirror-pair sealed."
goa,Goa,west,2,catalyst-rise-and-fall,Maha-Vega,deceased,Heritage Liaison — foreign-fleet uniformed officer,"Returned from a Lisbon naval port wearing a multinational fleet's white-and-gold uniform; introduced as the fleet's 'Goan-born Cultural Heritage Liaison.' Triggered the Old Fishermen's grievance by his presence on the foreign flagship and by his recruitment offer to Sagaradeva (the 'come with us under their flag' speech). Killed by Sagaradeva in the storm — first trident-strike opened his storm-form at the shoulder, second pinned the man inside at the throat. Body recovered at Sinquerim two hundred metres south of Sagaradeva's. Buried by Sona Tendulkar in the same coastal grove.",Sagaradeva's storm-cursed half-brother (Bloodline E); allied with Admiral Carvalho-Almeida and the multinational fleet; rejected by Padre Cordeiro after Cordeiro's resignation,—,"The most sympathetic catalyst-villain in Chapter Two. He genuinely believed joining the foreign fleet would protect Goa more than refusing it would. Karna-mapped (right deed wrong banner). His brass shoulder-pieces are placed at the grove's entrance after burial — a public marker of what was put down. Padre Cordeiro is the closest he ever came to having a friend on the consortium side; Cordeiro resigns the same morning Maha-Vega is buried."
goa,Goa,west,2,structural-antagonist,Admiral Carvalho-Almeida,deceased,Foreign Flagship Commander,"Commanded the multinational 'Heritage Naval Exchange' fleet at Mormugao Bay. Authorised the fleet's fifteen-month overstay. Ordered deck-gun fire and missile launches at Sagaradeva's outrigger during the storm; the cyclone deflected both back onto the flagship. Died on the flagship's bridge giving an unfinished order when the ship broke at the keel on the rocks below Aguada Fort.",Multinational fleet command; port consortium liaison; press corps handlers,—,Structural antagonist rather than mirror-villain. No animal-bond. No bloodline-claim. Represents the modern colonial-corporate face that the saga's animal-bond-rules cannot route around — he must be defeated by storm and not by trident-equality. Karna-shadow of a different kind: a man following orders that he wrote himself.
maharashtra,Maharashtra,west,2,catalyst-survives,Vanaraksha,alive,The Petitioner — Elder-Law Litigant,"Files a 132-page primogeniture petition at the Maharashtra Heritage Court on day 1 of the chapter, citing four legal frameworks and seventeen exhibits — the cleanest succession claim in the court's post-1947 history. Does not raise an army. Peak fort-count at 24 of 47 (week 4). Mid-chapter secretly turns the Murud-Janjira coastal commander Dattaji Mohite; the defection seizes the island-cemetery holding Shivagati's elder cousin Bhausaheb-the-First's grave. Publishes a 34-page scholar's report arguing the gaur-bond is invalid because Shivagati is not coastal-line direct heir. Final fort-count at chapter end: 20 of 47 — still alive, still filing, the Heritage Court has not yet ruled.",Elder brother to Shivagati (same parents); Adv. Kelkar is his lead counsel; University of Pune Bloodline-E law department supplies academic backing; Dattaji Mohite at Murud-Janjira is his secret mid-chapter convert; the Mumbai mercantile circles fund the petition's legal costs,—,"The Bhoomi-Takshaka mirror: same Bloodline as Shivagati, same kingdom, same animal-line, same grievance (technically rightful but living through a sister who has the better claim). Survives Ch 2 because his weapon is paperwork. Per restructure §4 he kills Shivagati in Ch 3 in a duel he himself does not want — Maharashtra absorbed under Gujarat (Simhavikrama) afterward. Tanaji-the-Second holds Maharashtra as Gujarat's loyal vassal in Ch 3."
maharashtra,Maharashtra,west,2,secret-defector,Dattaji Mohite,alive,Murud-Janjira Coastal Fort Commander → Vanaraksha's Agent,"Was Shivagati's father's man and her trusted ally throughout Ch 1 and the first three weeks of Ch 2. Filed a defection notice at the Heritage Court at 8:15 a.m. on a Tuesday in week 4; by 8:30 a public statement endorsing Vanaraksha; by 9:00 had barred Shivagati's supply boats from the harbour. By noon had seized the small island-cemetery on the fort's landward side where Bhausaheb-the-First is buried, declaring it 'property of the heritage estate.' Survives Ch 2 holding the fort and the cemetery.",Was sworn to Shivagati's father; secretly turned by Vanaraksha years ago — a long planted operative; commands Murud-Janjira's small island-garrison and its supply lanes,—,The personal-betrayal antagonist for Maharashtra. Less ideological than Vanaraksha. More wounding. Per the Ch 3 plan he is killed by Tanaji-the-Second during the post-Shivagati transition when the cemetery is recovered.
uttar-pradesh,Uttar Pradesh,north,2,catalyst-survives,Adharma,alive,The Uncle-Kingmaker — Banaras Public Claimant,"Located Yamunadatta in Vrindavan before Gangaputra knew the boy existed (a private investigator Adharma had paid since Ch 1). Made the public elder-bloodline declaration at Dasaswamedh Ghat in Banaras 48 hours after Radhika's arrival in Lucknow — three hundred boats present, two national news-channels filing within the hour. Won the Banaras Pundit Council and eight more dharmic councils within a fortnight. Filed the regency-counter-writ at the Imambara — denied on its merits by Mahaguru Drona-of-the-Plain's straight testimony. Survives Ch 2 in Banaras drafting the next writ.",Bloodline-B half-brother to Gangaputra (same father, different mother); uncle to Yamunadatta (the boy has explicitly refused political alignment with him); allied publicly with Banaras Religious Order and Mahaguru Drona-of-the-Plain (until Drona reversed at the Imambara); secretly receives counsel from Adharma-Kendra of MP (his maternal cousin — they coordinate across the central-north fault line of Bloodline-B),—,"The Bhoomi-Takshaka/Vanaraksha mirror: the catalyst who returns dignified, not violent. The most strategically brilliant of the three — his argument (elder-bloodline) is internally consistent AND true. Defeated at the Imambara by Gangaputra acknowledging the boy AND abdicating — Adharma was prepared for one of those moves, not both. Per restructure §4 he will pursue Drona-of-the-Plain into MP's Ch 2 civil war alongside Adharma-Kendra (the two villains coordinate across the Bloodline-B fault). He survives into Ch 3 and 4 as the chief North-dissenter; will accept a council seat at Yamunadatta's Unity Trial in Ch 3 — the boy will accept his uncle and complete Stage III through that act."
madhya-pradesh,Madhya Pradesh,central,2,catalyst-exposed-flees,Adharma-Kendra,alive,The Thirteenth Voice / Neutral Senior Counsellor,"Returned to the MP Twelve-Court Assembly in week four of the famine as a neutral senior dharmic counsellor invited by three of the chief justices. Granted abstain-only voting privileges across all twelve courts. Never voted once. Weaponised neutrality — every court cited his caution to justify further deliberation. Engineered the seven-week deadlock that killed 47,000 people. Argued against Sutrakara's mortality-arithmetic motion (10-1 vote, his abstention the procedural cover). Exposed at the dissolution assembly by Drona-of-the-Plain's testimony including bank records, photographs, and a handwritten coordination memorandum in his own hand. Three chief justices (Patwardhan-ji included) confirmed the handwriting. Fled the assembly chamber through the side-door during the testimony. Surfaced briefly in the Bhopal old quarter (Taj-ul-Masajid area) and then in Sehore village three days later. Disappeared. Survives Ch 2 intact.",Maternal uncle of Gangaputra (UP) and Dvadashashringa (MP) both — Mahabharata-Shakuni position in the Bloodline-B family; coordinates with Adharma of Banaras (his maternal cousin) across the Bloodline-B fault — proven by Drona's documentary evidence; funded by the same Singapore-routed account that funded Karnataka Restoration Charter publication and Mormugao port consortium lobby budget — first confirmed villain-network coordination in the saga; pursued Mahaguru Drona-of-the-Plain south from Lucknow,—,"The saga's most strategically dangerous villain at chapter end. The catalyst who used abstention as a weapon. The first cross-kingdom-coordinated villain confirmed by documentary evidence. Per the relationship-graph he will resurface in Ch 3 as the senior advisor to the Central-Dissenters faction that refuses the new emergency-court system; will pursue Drona-of-the-Plain further into Ch 4. His MP defeat is procedural-only — his physical body is still at large, his Singapore funding network is intact, and his coordination with Adharma of Banaras is now an open conspiracy across two Bloodline-B kingdoms."
assam,Assam,northeast,2,catalyst-integrated,Kama-Mara,alive,The Open Coven High Priestess → Co-High Priestess of Kamakhya,"After her Ch 1 banishment built the Open Coven at the Saraighat ferry clearing — three hundred practitioners over ten years. Taught partial-rite fragments that the Temple Order would not perform. Women died from incomplete cycles, including Kamalavarna's adoptive mother Bhairavi-Naam. Met Kamalavarna at the ferry clearing after the matriarch's death — first contact in 14 years. Met their shared mother Bhairavi-Aaee for the first time. Performed the Mahavidya rite with Kamalavarna at the new moon. Earned Stage III mirror-mark — first formal bond-mark of her life (her Ch 1 dark-cult alignment was bond-adjacent only). Became co-High Priestess of Kamakhya alongside her newly-revealed half-sister. The first villain in Chapter Two to be neither killed nor exiled but INTEGRATED.",Half-sister to Kamalavarna (same mother Bhairavi-Aaee, different fathers); biological daughter to Bhairavi-Aaee (wandering ascetic) and a Tibetan-Buddhist tantric scholar (deceased when Kama-Mara was 16); was rejected from Kamakhya temple at 16 on a procedural ground because no one knew the third-sister lineage; senior coven women Tara-priya and 11 others travel with her into the new arrangement; mirror-bond partner to Kamalavarna,—,"The saga's first integrated catalyst-villain. The argument she carried (the suppression is killing women) was correct. The methods she used (partial rites without senior supervision) were dangerous. Both problems are solved by the integration. Carries the mirror-mark of the rhinoceros foreleg, left-clavicle horn, identical to Kamalavarna's but mirror-position. Her Stage I and II were skipped — the bond compressed them into the rite-moment for the 'preparing partner' per the mirror-bond saga-rule. Will be co-High Priestess into Ch 3 and Ch 4; will sit at the cosmic seat alongside Kamalavarna at the Sanctuary; both will hold the seat together."
meghalaya,Meghalaya,northeast,2,catalyst-mutual-kill,Megha-Daitya,deceased,The Patrilineal Claimant Prince,"Returned in autumn of Ch 2's year as a Mumbai tribal-law-firm partner with a 247-page brief. Filed 47 coordinated patrilineal-claim petitions in the Meghalaya High Court within four weeks. Engineered the half-brother killing of Ka-Sngi at Nongriat bridge in week 3. After Meghanadi's settlement passed in week 7, organised 23 of the most radical petitioners into an armed storm-faction with submachine guns sourced through a Mumbai-Mizoram channel. Attacked the High Court compound at 9:47 a.m. during monsoon's heaviest week. Faced Meghanadi alone in the courtyard at 10:15 a.m. Refused her withdrawal-offer. Fired four shots into her chest at metre 18 of her charge. Died at metre 22 with the Megha-Dand through his sternum.",Half-Khasi (mother Ka-Lewdoh-the-Elder, deceased 2003) and Assamese (father Hiren Kalita, Guwahati coal contractor); allied with the Mumbai tribal-law firm Karkare-Mehta-Joshi; cross-coordination with Adharma of Banaras and Adharma-Kendra of MP (Singapore funding line — same villain-network confirmed by Drona's MP testimony); organised 23 storm-fighters of whom 11 are captured, 9 caught fleeing, 2 escape into the hills,—,"The saga's first villain to die in a MUTUAL KILL with the hero. His legal argument was internally consistent; his violent method made the argument impossible to honour. He carried his mother's Khasi-marriage photograph on his person — the only personal item the rain did not reach during the courtyard charge. His Mumbai law firm's role in the wider villain-network is documented by Drona-of-the-Plain's evidence-satchel. His half-brother Kong-Bah (the petitioner who pushed Ka-Sngi off the bridge) survives Ch 2 and is captured at the High Court in the storm-faction's defeat — he becomes a key state-evidence witness in the Ch 3 investigation of the villain-network's Singapore funding."
meghalaya,Meghalaya,northeast,2,sub-killer,Kong-Bah,alive-captured,The Half-Brother Who Pushed Ka-Sngi,"Petitioner #11 on Megha-Daitya's coordinated docket. Half-brother to Ka-Sngi by their shared mother's first marriage. Pushed Ka-Sngi off the Nongriat double-decker living root bridge at 5:47 a.m. on a Sunday morning in week 3. The 62-metre fall killed her. The killing was investigated by Mawkhanu police as an accidental fall on slippery monsoon root-surface. Kong-Bah walked free. Joined Megha-Daitya's storm-faction in week 6. Captured in the docket-room at the High Court at 10:24 a.m. by under-clerk U-Banjop after the courtyard mutual kill.",Half-brother to Ka-Sngi; junior associate of Megha-Daitya's coordinated petitioner-group; will be a state-evidence witness in the Ch 3 villain-network investigation,—,"The personal-betrayal antagonist for Meghalaya. The killer of Ka-Sngi. Captured alive — survives Ch 2 in detention. Will testify in Ch 3 about the Singapore funding-line, the Mumbai law firm, and the Mizoram weapons channel, providing evidentiary continuity between Drona-of-the-Plain's MP evidence and the wider villain-network investigation."
manipur,Manipur,northeast,2,catalyst-defeated-exiled,Tamasa-Nrita,alive-exiled,The Father of Raw Dance — Corruption-Teacher,"Returned to the Khwairamband Bazaar in autumn of Ch 2's year after 26 years of unaccounted wandering (post-1998 Govindaji-gurukul expulsion). Offered to teach the raw-dance rebellion. Brought out the dancers' genuine artistic grievance and weaponised it — first as rhetoric, then as actual blades. Orchestrated the Loktak central phumdi joint-performance massacre — 9 of Moirangthem's 12 senior dancers killed in 11 minutes. Challenged Moirangthem to a final Loktak duel three weeks later. Defeated by Moirangthem's new pause-strike technique (Moirang-Tandava's 19-second held pause beat his Lhasa-trained 15-second limit). Sword-arm severed at the elbow-joint. Pinned at the phumdi-edge with Ta-spear through chest-armour without entering chest. Exiled across the Burmese border rather than killed. Survives Ch 2 in the Chin-state border zone.",Former Govindaji-gurukul student expelled 1998; unaccounted-wandering 1998-2024 (rumours: Burmese border camps, Bangkok, Chinese-Tibetan dance-schools at Lhasa); coordinates with Adharma-Kendra of MP via the same villain-network confirmed by Drona's evidence-satchel; his weapons-channel (Mumbai-Mizoram cross-border) is part of the broader funding-line,—,"The first villain in Chapter Two to be DEFEATED-AND-EXILED rather than killed or integrated. Per the relationship-graph he resurfaces in Chapter Three as Adharma-Kendra's NE field-operative, returning across the Burmese border with Chin-state militia support. His 15-second Lhasa-stillness limit will not be enough at the Sanctuary convening when Moirangthem holds the 47-second Sangai-deer breath-cycle pause."
nagaland,Nagaland,northeast,2,catalyst-defeated-exiled,Naga-Rakshasa,alive-exiled,The Pure-Tongue — Sixteen-Dialect Manipulator,"Returned in autumn 2026 after two years in the Patkai Hills border-zone. Learned all 16 Naga tribal dialects fluently (unprecedented feat — no living Naga has been documented as fluent in more than 4). Forged 16 DNA-rite kits at a Chiang Mai laboratory called 'Pure-Origin Genomics' (the lab and website also forged). Visited 63 villages across 6 months distributing the kits — each tribe received a report 'proving' them the original Naga ancestral line at 99.7% match. Triggered the Hornbill Festival cancellation and the purity-rite killings. Confronted Dzulevira at the Pochury village edge on day 26 of her walk. Attempted all 16 dialects in succession against her; defeated by her Hindi-refusal answer. Retreated east across the Burmese border into Chin-state border zone. Survives Ch 2.",Coordinates with Adharma-Kendra of MP via the same villain-network confirmed by Drona's evidence-satchel; his Chiang Mai forgery operation was funded by the same Singapore line that supplied Megha-Daitya's submachine guns and Tamasa-Nrita's daos; his weapons-channel (Mumbai-Mizoram cross-border) connects to the wider funding pattern,—,"The second villain in Chapter Two to be DEFEATED-AND-EXILED across the Burmese border (joining Tamasa-Nrita in the Chin-state zone). Both NE villains have clustered at the eastern edge — per Ch 3 plan, both become Adharma-Kendra's NE field-operatives. The Pure-Tongue's defeat is the saga's first by an UNCLAIMED-LANGUAGE technique — Dzulevira's Hindi-answers render his sixteen-dialect mastery useless. The saga-rule established here: a villain whose power is mastery-of-many-languages is defeated by a hero who refuses to speak any of them and speaks instead the language belonging to none."
nagaland,Nagaland,northeast,2,sub-killer-arrested,Khrumai-Sho,alive-arrested,Senior Priest of the Tangkhul Tribal Council,"Officiated Ka-Memcha's Pure-Origin Genomic Verification rite at the Tangkhul Tribal Ceremony Grounds at Ukhrul on the 14th day of the month. Ka-Memcha refused the rite publicly. Khrumai-Sho declared the refusal sacrilege. As she walked the fire-purification sub-rite circumambulation (second circle), Khrumai-Sho stepped off the priest's platform and pushed her into the fire-pit with both hands at her shoulder-blades. The push was witnessed by 40 senior elders, the state-police detail, and his 2 senior apprentices. He did not attempt to disguise the push as accident. Said at his arrest 4 hours later: 'I have done my dharma.' Arrest recorded on Mhabemo's satellite-phone audio.",Senior Tangkhul Tribal Council priest for 9 years; officiated 341 purity-rites in his career without prior refusal; Sixth Schedule customary-law exemption claim filed by his lawyer within 11 hours and rejected by the Nagaland State Government attorney within 28 hours,—,"The personal-killer antagonist for Nagaland. The killer of Ka-Memcha. His criminal case is referred to the Nagaland High Court under regular criminal jurisdiction; the Sixth Schedule exemption is denied. His trial begins in Ch 3 — he becomes a state-evidence witness in the Ch 3 villain-network investigation, providing testimony about the Naga-Rakshasa DNA-rite kit distribution and the wider Tangkhul-tribal-council connections to Adharma-Kendra's funding network. Survives Ch 2 in detention."
odisha,Odisha,east,2,catalyst-unmasked-mob-justice-killed,Chakra-Bheda,deceased-mob-justice,The Fourth Cult — Three-Tradition Syncretic Costume Impersonator,"Was Kalinga-Yama's senior administrative-disciple at the Ch 1 Bhitarkanika Grief-Blade confrontation; spared at the Ch 1 climax under the kingdom-council's standing-administrative-rehabilitation clause. Spent the intervening years studying the three rival Jagannath-cult traditions. Returns spring 2025 in three-tradition syncretic costume: Brahmin-priestly cotton; Shabara-wood-elder anklet at right ankle; Sadhaba sail-cloth shoulder-cloth across left shoulder — a configuration no living priest had ever worn together. Conducts approximately 20 private visits to each of the three cult senior-delegates across spring-summer 2025 with contradictory standing-Fourth-Cult reconciliation-promises (to Shabara: senior-cult restoration under origin-priority; to Brahmin: senior-cult under Chodaganga-Deva-1135 charter-foundation; to Sadhaba: seat-equivalence with Brahmin under 1138-CE trade-tax). Engineers the standing-orchestrated-inflammations that produce the Wednesday-week-three simultaneous three-cult declarations at the Bada Danda. Walks into the Mausi Maa Temple courtyard at 12:38 p.m. Sunday day-two of the standing-three-day pull in the standing-syncretic costume claiming the standing-Fourth-Cult reconciliation. Unmasked at 12:41 p.m. by Subhadra-of-the-Wood's standing-Shabara-tradition cross-reference reading (the standing-Shabara-anklet at his right ankle violates the standing-origin-priority-protection clause's standing-anklet-restriction; his name is not in the standing-Shabara-lineage-register). Inspector Tripathy's standing-State-Police standing-eight-officer detail makes the standing-custody-protocol arrest at 12:47 p.m. The standing-procession's standing-Shabara-front-rank moves toward Chakra-Bheda at 12:48; Inspector Tripathy makes the standing-discretion-call at 12:49 and the detail steps back; the standing-procession reaches Chakra-Bheda at 12:50; he is pulled apart at the standing-temple-step across the next 4 minutes; body unrecoverable at 12:54 p.m.",Was Ch 1 senior administrative-disciple under Kalinga-Yama (the Grief-Blade demon); standing-administrative-rehabilitation clause holder 2023-2026; the kingdom-council's standing-Religious-Identity-Verification statute (1972) standing-impersonation case; the standing-amended Kalinga-Chakra charter's Sixth Clause standing-precedent-event,—,"The saga's first catalyst-villain killed by standing-mob-justice under a standing-charter's standing-amended-criminalisation clause. The standing-Sixth-Clause criminalising standing-religious-tradition-impersonation under the standing-1972 Religious-Identity-Verification statute is the kingdom-council's standing-precedent. The standing-impersonator's cremation was administered by Pati-Mahapatra Senapati alone at the standing-Mausi-Maa-Temple cremation-courtyard at 3:11 p.m. Sunday — the standing-Brahmin tradition (whose costume Chakra-Bheda's outer cotton-layer had impersonated) performed the cremation alone; the standing-Shabara and standing-Sadhaba did not attend. The kingdom-council's standing-State-Police standing-protocol records the killing as standing-mob-justice under the standing-charter's standing-emergency-discretion clause (the standing-eight-officer detail's standing-control-threshold was exceeded by 500-to-1; Inspector Tripathy's standing-discretion-call to step back is the kingdom-council's standing-precedent for standing-mob-justice non-intervention at standing-religious-tradition-impersonation unmaskings). Chakra-Bheda is the saga's first catalyst-villain whose body is unrecoverable. The Karnataka rule (do not destroy, mark) does not apply to standing-religious-tradition-impersonation — the rule applies to Maw-Heralds, not to standing-kingdom-charter offenders."
telangana,Telangana,south,2,catalyst-integrated-by-architecture,Chitrabheda,alive-integrated-as-residence,The Thousand-Faced Form Who Lived as Citizens,"Was Qutb-Chaaya's senior shadow-copy disciple at the Ch 1 Hall of Diamonds confrontation; took the kingdom-council's standing-shadow-copy-rehabilitation-protocol clause at his Ch 1 sparing in 2023. Spent the intervening years studying the kingdom's reflective surfaces. Activates standing-reflective-residence protocol at 8:43 a.m. on the chapter's opening Tuesday: approximately 3,000 simultaneous reflective-residence installations across Hyderabad reflective surfaces that have crossed the standing 14-month minimum-daily-presence threshold for any specific citizen. The installations are silent. Citizens continue to see their own reflection; the standing-overlay rides alongside. Across weeks 1-10 the standing-mirror-monitoring registry's three-phase classification confirms 7,417 Chitrabheda-resident citizens: 2,847 at week-1-3 overlay-positions; 3,114 at week-4-7; 1,389 at week-8-11; 67 at week-12-or-later. Took Lalithanga at the brother's east-window installation Tuesday 8:43 a.m.; routed the standing-Cyber-Hyderabad cell-administrator's seat-output through the standing-overlay from week 4 onward; was pulled by Lalithanga's standing-killing-permission and the Ranga-disc throw at 3:10:11:3 a.m. Wednesday week 6 when the southern-wall mirror-fragment shattered. The standing-residence-anchor at that fragment was destroyed; the standing-Chitrabheda-residence in Lalithanga's body was severed; Chitrabheda survives across the remaining 7,416 residences. The kingdom-council's amended Chaya-Golkonda charter installs the standing-mirror-monitoring registry, the standing-classification protocol, and the standing-Cantonment medical-cell's standing-anti-mirror-meditation cadence-recitation-and-mirror-fragment-destruction combined protocols for week-1-through-week-11 overlay-positions. The 67 week-12-or-later citizens are killed by the standing-State-Police standing-killing-protocol with the standing-citizen's standing-family-line's standing-eldest-surviving-member explicit-permission. Chitrabheda survives in the remaining ~7,350 standing-residences (the 67 killings reduce the standing-residence count) but the kingdom-council's standing-architecture now identifies, monitors, and disrupts the standing-residence-overlays without killing the host-citizens.",Was Ch 1 senior shadow-copy disciple under Qutb-Chaaya; took the standing-shadow-copy-rehabilitation-protocol clause; standing-reflective-residence-protocol holder (a kingdom-council standing-2023-documented capability); cross-mirror correspondent with all Hyderabad reflective surfaces meeting the standing 14-month minimum-daily-presence threshold; the standing-Cantonment medical-cell's standing-anti-mirror-meditation cadence-disruption protocol (trained by Bhagmati-Saheba) is the kingdom-council's standing-counter-architecture,—,"The saga's FIFTH INTEGRATED catalyst-villain after Kama-Mara (Assam; personal-reconciliation), Asta-Asura (Arunachal; shadow-twin-recognition), Kala-Hasta (Kerala; pedagogical-method), and the Karnataka rule's implicit-integration-pattern. The first integrated catalyst-villain to be integrated through INSTITUTIONAL-ARCHITECTURE — the kingdom-council's amended-charter installs the standing-monitoring/classification/disruption architecture rather than the standing-killing-protocol. Chitrabheda survives across the remaining ~7,350 standing-residences; the kingdom holds his presence without the kingdom-council's standing-killing-protocol. The institutional-architecture precedent applies to all kingdoms with distributed-presence catalyst-villains in subsequent chapters and volumes. Per Ch 3 plan he continues across the standing-residences with progressive standing-disruption-protocol-administration across the autumn; the kingdom-council's standing-mirror-monitoring registry's standing-week-of-overlay classification continues; the standing-Cantonment medical-cell's standing-disruption-protocol becomes the saga's standing-distributed-presence-disruption template."
tamil-nadu,Tamil Nadu,south,2,catalyst-demoted-reassigned,Palinisi,alive-reassigned,The Authorisation-Clerk Who Silenced Through Procedure,"Was Ravana-Vadham's senior administrative-disciple at the Madurai temple confrontation in Chapter One. Spared at the Ch 1 climax under the kingdom-council's standing-administrative-rehabilitation clause. Took the junior-clerk seat at the Madurai Sangam Hall's authorisation-clerk office at the autumn 2023 administrative-reassignment session. Rose to the standing authorisation-clerk seat across 18 months. Rebuilt the office's standing pre-clearance-protocol into a procedural-control instrument across the next 18 months: the standard 48-hour speech-pre-clearance window was extended through 'clarification-queries' that took weeks to resolve; the standing-handbook's standard-secondary-response was weaponised against any uninvited-speaker who approached the speaker's-mark stone; the standing rota-removal protocol's thirty-second clause's rotation-and-refreshment provision was invoked against 147 registered Sangam-poets across the 18 months. The kingdom-council's standing-administrative review-status reads 'closed-no-action' on 142 of the 147 silenced-poet entries and 'pending-clarification' on the remaining 5. Issued the rota-removal letter for Acharya Bharati on the chapter's opening Monday 1 February at 4:03 a.m. via the standing green-wax sealed rice-paper envelope delivered to the Acharya's Kanyakumari residence between 4:03 and 4:11 a.m. The Acharya died of 'natural causes' at 5:48 a.m. on Thursday 4 February (three days after the rota-removal). Read the standing procedural-response statement at the chamber on Friday 15 February at 10:59 a.m.; the statement crossed the 11 a.m. session-start threshold by 1 minute 43 seconds at 11:01:43 and became procedurally invalid under the standing-handbook's 47-page section on uninvited-speaker-handling. Began the standing standard-secondary-response at 11:02:18 a.m. (the same moment as Kurinjiselvi's Stage III bond-mark formation); stopped reading at the third sentence; did not complete the secondary-response. Demoted from the authorisation-clerk seat at the kingdom-council's emergency-amendment session on day 12; reassigned to the Sangam-archives wing's junior-archivist seat under standing-mentor supervision. Accepts the transfer at the day-12 administrative-session. The transfer is not a punishment; it is the kingdom-council's standing acknowledgement that her administrative-capacity is real and should be repurposed to the archive's standing-work.",Ravana-Vadham's senior administrative-disciple from Ch 1 (the ten-stringed veena's authorisation-protocol holder; the Ch 1 villain's standing-administrative apparatus); kingdom-council's authorisation-clerk seat-holder 2024 spring through 2026 February day 12 of Ch 2; reassigned to Sangam-archives wing junior-archivist seat under standing senior-mentor seat supervision from day 12 forward,—,"The kingdom's first catalyst-villain to be defeated by a procedural-handbook's own time-threshold rule (her primary procedural-response crossing the session-start threshold by 1 minute 43 seconds rendering the response procedurally invalid). The first catalyst-villain in the saga's registry to have a non-violent administrative-procedural-control as the chapter's primary mechanism of harm (the 147 silenced-poet rota-removals across 18 months; the Acharya Bharati's removal-and-natural-causes-death sequence; the Sangam Hall's standing-debate's 18-month pause). The kingdom-council's amended Sangam-charter's Seventh Clause's reassignment-to-archive provision is the kingdom's standing precedent for handling administrative-procedural-control catalyst-villains in subsequent kingdoms; the precedent applies to all kingdoms with authorisation-protocol weaponisation. Survives Ch 2. Per Ch 3 plan she serves at the Sangam-archives wing's junior-archivist seat across the autumn-and-spring archive-cataloguing season under the standing senior-mentor seat-rota's chair Manimekalai-Periya's direct supervision. Per Ch 4 plan she is the standing precedent-case at the Kurukshetra Council's standing administrative-procedural-control session as the saga's first reassignment-rehabilitation case."
andhra-pradesh,Andhra Pradesh,south,2,catalyst-exiled-with-the-krishna,Kalaniksha,alive-exiled,The Spared Twin Who Did Not Kill Her Sister,"Krishnaveni's lost twin sister. Born at 6:10 a.m. on 4 December 1989 at the Government Hospital Eluru, 23 minutes after Krishnaveni. Placed at birth with the Eluru-line midwife-extension family by family-decision (kingdom-council's 1990 archived correspondence cites 'bloodline-double-inheritance concern' as the placement-reason). 1992 supplementary affidavit by Senior Midwife Rama-Akkamma Surya (before her death in 1993) notes phenotypic-presentation at birth was intersex; female gender-presentation was a family-decision at the Eluru-line extension household; kingdom-council's post-1998 intersex-presentation protocol does not apply retroactively; her own contest-day usage (feminine pronouns) is the kingdom-council's recognised pronoun. Renamed Kalaniksha at the request of the Eluru-line family. Raised as an orphan-foundling. Rediscovered her lineage at 23 through a separate family-archive document. Spared by Krishnaveni at the Ch 1 climax confrontation in 2023. Organised the river-bound delta peasant-fishermen for 2 years. Returns publicly Monday of week 6: walks north across the Prakasham bridge at 8:47 a.m. with 300 fishermen; files emergency-petition at Town Hall at 9:26 claiming the river-throne by birth-order with the 47-page family-archive document; invokes the kingdom-council's standing contest-of-arms protocol. The forty-seven-day preparation-window. Invokes the under-armament-by-twin-choice clause at the contest-day plateau at 5:56 a.m. (precedented once before in 1828 at the Vakulamatha contest). Fights left-handed with a single delta-fisherwoman's urumi. Disarms Krishnaveni's Krishna-urumi at stroke 6 via the one-handed disarm-rotation at 6:17:23 a.m. Wraps the Krishna at her right forearm in the kingdom-council dual-urumi adoption-wrap (11 seconds; Krishnaveni does not attack during the disarmament-acknowledgement window per protocol). Disarms the Godavari-urumi at stroke 11 via the dual-urumi forced-disarmament cross-attack at 6:24:11 a.m. Walks to Krishnaveni at 1 metre's distance. Raises the Krishna-urumi at the ceremonial flourish gesture; the gesture continues past the formal-claim's upper-limit into the killing-stroke arc. Holds the stroke. Blade passes Krishnaveni's throat at 4 centimetres' distance without contact. Returns the Godavari-urumi to Krishnaveni at 6:25:14 a.m. Walks down the cliff's eastern goat-path at 6:30. Reaches the eastern beach by 7:11. Escorted south along the Krishna river's southern bank by 4 AP State Police exile-escort officers. Across the Tirupati border by sunset of day 49.",Bloodline-A twin-sister of the state hero Krishnaveni (twin-knot, born 23 minutes after; the kingdom's first formal twin-knot in saga-registry); first-cousin to Pulakeshi-Babu (by their shared maternal-grandfather B. Narayana Babu); related by Bloodline-A four-generations-back maternal-line ancestor to Krishnadevaraya-Bhrata at Karnataka and Hampi-of-the-Bronze at Vijayanagara; Eluru-line midwife-extension family raised her — that family's elders (the Eluru-line surviving senior midwife Rama-Devi, 78; the Eluru-line family-cousin Subbarao, 51) are her standing-family-of-record across her exile-period,—,"Bloodline-A first formal twin-villain in the saga's registry. The first villain to hold the kingdom's matched-half of a sacred-weapon pair beyond the kingdom's exile-border (the Krishna-urumi at the Tirupati exile-camp); the kingdom-council's standing-reconciliation clause specifies that the urumi-pair will be reunified only at the autumn-charter-review's seven-year mark or at the twin-knot's final resolution. The first catalyst-villain to HOLD the killing-stroke at a charter-forbidden moment when emotionally available — the mercy at the cliff was hers as much as Krishnaveni's; the kingdom-council's standing twin-knot-recognition records both mercies. Per restructure §6 she returns in early Chapter Three; kills Krishnaveni in the twin-confrontation's final phase; is killed by Pulakeshi-Babu afterwards. The Bloodline-A twin-knot's final resolution comes in early Ch 3; the urumi-pair is reunified at the Karnataka-AP federation's standing urumi-archive in autumn of Ch 3. Per Ch 3 plan Kalaniksha's Tirupati exile-correspondence with Acharya Sundaram across the exile-period is preserved at the kingdom-council's Bloodline-A archive as the twin-knot's permanent record."
kerala,Kerala,south,2,catalyst-integrated,Kala-Hasta Menon,alive-integrated,The Sea-Front Kalari Master,"Maya-Sura's Ch 1 star pupil; senior coiled-cobra disciple of the Naga-Padma cell; survived the Ch 1 climax confrontation with the urumi-and-cobra-venom training intact. Spent 2017-2024 in the Bangalore-and-Gulf kalari-diaspora teaching the 108 forms publicly while privately practising the 109th. Returned to Kerala spring 2025. Registered the Sea-Front Kalari at the Kerala state-government's religious-and-cultural-practice registry on 23 March under the standard kalari-charter; the application listed the school's curriculum as 'advanced kalaripayattu, all forms including unsealed teaching'; the registry's 30-day public-comment window produced no objection; the registration was approved on 22 April. Inaugural class opens Monday 8 April with 423 paying students. School's pedagogical innovation: the 109th form is taught in 7 phased classes (opening four movements; opening seven; first transition; full opening sequence; closing transitions; integration; private mastery), each phase 3 weeks long, no student advances without senior-instructor confirmation. Achyutan-the-Nephew defects from Parashurama's kalari Friday of week 2; compresses the phasing; dies at the seventh-transition class Sunday of week 3 from a basilar-artery vascular rupture. Kala-Hasta personally washes the body according to the kalari-tradition. Postpones the morning's remaining sessions. Adds a mandatory day-zero phasing-discipline session that includes Achyutan's name at the opening of every new cohort. Attends the cremation at the western grove's edge alone without approaching the pyre. Speaks at the kingdom-council's emergency ratification session on day 31 under the amended charter's cross-school-recognition provisions: 'The charter is honest. The kingdom is wider than my school and wider than the inherited tradition.' Survives Ch 2 INTEGRATED.",Was Ch 1 star pupil of Maya-Sura; senior coiled-cobra disciple of Naga-Padma cell; trained Kollam Coiled-Cobra cell 2008-2017; coordinated with Singapore-side training funders for the Bangalore-Gulf diaspora teaching circuit; cross-school institutional correspondent with Sivakami-Acharyini (108-form grandmaster) under the amended Kerala-Kalari Charter's cross-school-recognition provisions; cross-kingdom Sarus-pigeon admitted by the kingdom-council's day-31 vote into the saga's standing inter-school correspondence network,—,"The saga's FOURTH INTEGRATED catalyst-villain after Kama-Mara (Assam), Asta-Asura (Arunachal), and the Karnataka-rule implicit-integration-pattern. The first integrated catalyst-villain whose institutional standing is established through a public-charter-registration mechanism rather than through cosmic-rite (Kama-Mara) or shadow-twin-recognition (Asta-Asura) or named-Herald-protocol (Karnataka). The first integrated catalyst-villain whose pedagogical method is the chapter's most uncomfortable fact for the kingdom's tradition — the 109-form is not being taught as defiance; it is being taught as a discipline. The Sea-Front Kalari is the kingdom's second standing-pedagogical-mode and will outlast Parashurama by decades. Per the amended Kerala-Kalari Charter Page Six, the day-zero phasing-discipline session reads Achyutan's name aloud at every new cohort opening for as long as the school operates. Per Ch 3 plan the Sea-Front Kalari is admitted to the southern-bloc federation's cross-kingdom kalari-tradition exchange under Krishnadevaraya-Bhrata's Karnataka Dominant seat. Per Ch 4 plan Kala-Hasta becomes the saga's standing voice on integrated-catalyst-villain pedagogical-method-as-institutional-form — the saga's evidence that a defeated villain who returns with pedagogical thoughtfulness is the kingdom's institutional teacher, not its enemy."
tripura,Tripura,northeast,2,catalyst-survives-concealed,Tripura-Asura,alive-concealed,The Engineer-Demon of Three Flying Cities,"Returned in Ch 1 as Tripurari's engineer-rival; Ch 1 climax was Tripurari's three counter-frequency-towers preventing the flying-fortress alignment-beam at the 7-year mark. Spent 2025-26 coordinating the triple sabotage through senior strategist Tri-Yantra-Bheda (forged Singapore civil-engineering-vulnerability doctorate; one of 14 forged senior-technical-credentials in the wider villain-network). Approved the 6-page sabotage-proposal in ~90 minutes; preference: 'The kingdom should not know we have been here. The kingdom should believe the engineer has failed.' Apurba Saha's information-disclosure at the June water-rights committee meeting noon-break provided the technical specifications. Signal-injection executed through the kingdom's own pressure-monitoring sensor-network at 9 p.m. on the second-monsoon-week Saturday of week 6; signal propagated in ~11 seconds. The three central districts collapsed in 17-minute sequence. The three flying fortresses (Hema-pura gold lead, Rajata-pura silver support, Krishna-pura iron strike) were not visible during the sabotage; they remain over the Lushai-Patkai border-range under Parvata-Asura's depleted-residue cover after the chapter. Total death-count across all three cities by chapter end: 2,387 confirmed + 387 missing-and-presumed-dead.",Was Ch 1 villain (engineer-rival to Tripurari); coordinates with Adharma-Kendra's NE field-operatives network through the Singapore funding line; coordinates with Tri-Yantra-Bheda the rakshasa-engineer (his standing senior strategist; survives Ch 2 in the flying-fortress operations-cell); coordinates with Parvata-Asura (depleted residue over the Lushai-Patkai border-range; mutual concealment after Ch 2); coordinates with Tamasa-Nrita and Naga-Rakshasa across the Chin-state border zone (the NE villain-cluster); coordinated WITHOUT KNOWLEDGE with Apurba Saha (Border-Trade Consortium chair; suspended pending the consortium's investigation; the human-side intermediary whose information-disclosure enabled the sabotage),—,"The most strategically successful Chapter Two villain in TECHNICAL TERMS — Tripurari's own engineering became the kingdom's vulnerability; the kingdom appeared to collapse from itself; Tripura-Asura's hand is invisible in the kingdom's post-collapse forensic record (the kingdom-council's standing belief at chapter end is that the sabotage was 'engineering-internal' and the existence of Tripura-Asura's external coordination is suspected but unconfirmed; only Tripurari himself recognises the demon's hand, and from the Margin-hermitage he will not publish the recognition). Survives concealed; Tri-Yantra-Bheda continues operating under cover; the flying fortresses are not visible to kingdom surveillance. Per Ch 3 plan he attempts a second sabotage at the Sanctuary convening (the attempt will fail because Triputra and Vyasa-of-the-Margins coordinate the kingdom's response from the new institutional-engineering position — no self-repair-architecture; manual-only maintenance protocols). Per Ch 4 plan he is the saga's TECHNICAL antagonist at the Kurukshetra Council — the villain who tested whether engineering could substitute for divinity. The kingdom of Tri-Pura's Volume I answer: no; the engineering must be paired with poetry; the substitution does not survive coordinated reverse-stress."
mizoram,Mizoram,northeast,2,catalyst-partially-dissolved-survives,Parvata-Asura,alive-depleted,The Mountain-Asura — Standalone Successor to Chhinlung-Naag,"Was Chhinlung-Naag's subordinate mountain-form in Ch 1; retreated to the Lushai Hills' southern range when Tlangvala fought the serpent at the Chhinlung cave-mouth. Spent 2 years rebuilding his own form. Returned spring 2025 as a standalone mountain-asura. Visited all 8 Mizoram district-headquarters across spring-summer 2026 with a precisely calibrated 'refuge from the inheritance' offer to households with 15-22 year olds. Had read the Refusing Youth Manifesto's first-draft clauses 3 weeks before publication. 629 youth from all 13 villages accepted the offer (~70% with parents' permission, ~30% against). Locked them inside Phawngpui Mountain at new-moon week of week 4. Demanded one perfect sacrifice as ransom; specified the sacrifice must be voluntary, adult, and have completed a recognised Mizo bond-mark of any stage; recommended Tlangvala by name. Received Tlangvala's entry at first-light on day 3 of week 11. Was partially dissolved by the same dissolution that formed the eastern mark — some of his mountain-body became the mark's granite, some retreated into the deep southern range. Forest Department's thermal survey detects faint residual mountain-asura presence in the Lushai Hills' southern range over the following month.",Was subordinate to Chhinlung-Naag in Ch 1; now standalone; coordinates (covertly) with Adharma-Kendra's NE field-operations network alongside Tamasa-Nrita (Burmese border), Naga-Rakshasa (Chin-state), and Megha-Daitya's captured Kong-Bah (Aizawl detention); the Singapore funding-line that supplied Megha-Daitya's submachine guns and Tamasa-Nrita's daos also supplied the rations Parvata-Asura provided to the locked youth during their 7-week confinement,—,"The first standalone-successor catalyst-villain in the saga — Ch 1's Chhinlung-Naag remains in his cave-system but Parvata-Asura has now grown into his own form. Survives Ch 2 in DEPLETED form rather than fully integrated (like Asta-Asura at Arunachal), fully exiled (like Krodha at Sikkim), or killed (like Megha-Daitya at Meghalaya in mutual kill). Per Ch 3 plan he becomes Adharma-Kendra's fourth NE field-operative. His pitch was articulate, his rations were genuine, his offer was strategically perfect — he had calibrated for the exact cohort the Refusing Youth Manifesto would politicise. The 629 locked youth were not harmed during the 7-week confinement; the kingdom's recovery operation found rations fresh and water clean at the southern fissure's exit-zone. His miscalculation was assuming Tlangvala would refuse to enter the mountain (he assumed tlawmngaihna would be exploited rather than transformed). The transformation is the kingdom's institutional gift to the saga's wider villain-network problem: catalysts who exploit a kingdom's virtue can be defeated by the kingdom redirecting the virtue toward institutional administration rather than personal sacrifice."
arunachal-pradesh,Arunachal Pradesh,northeast,2,catalyst-integrated,Asta-Asura,alive-integrated,The Comforter — Listener-Shade-Master,"Returned in spring 2025 at the Tawang Sela-Pass shadow-zone after 9 years of unaccounted disappearance following the Ch 1 cave-system battle. By the kingdom's oldest dawn-walker commentary tradition he is Udayagiri's own shadow split off at the moment of his birth 31 years earlier. Reappeared as the Comforter — soft-voiced, listening, offering shade to the 2020 Galwan veterans, the 2022 Tawang-clash bereaved, and the 2024 Ziro forest-fire burned. Built the Tawang night-cult to 1,100 members in 14 months by genuinely listening to grief. Lower Subansiri subsidiary at 600 members. His followers loved him; the grievance he addressed was real. Met Udayagiri at the Sela-Pass listening-floor at week 2; accepted the three questions; offered the Dawn-Shadow Temple architecture as his ask of the kingdom. Did not authorise the rifleman's shot at the Tawang valley pass; restrained the shooter himself at 3:28:45 p.m. Walked to the centre of the pass at 3:29:30 p.m. to mourn Baba Parashar alongside Udayagiri — the first joint act across the faction-line. Accepted the Temple's architecture verbatim in the registration document. Became the Temple's shade-master at the eleventh-week consecration; poured the clay-bowl's water at the transition-arch threshold from west to east at the moment of first-light. Cult-name retained — members earned the name. Self-imposed restriction: does not travel outside the kingdom in his first 3 years as shade-master. Survives Ch 2 INTEGRATED rather than exiled.",Shadow-twin of Udayagiri (the saga's only formal mystic-twin relationship); cult-network correspondent with Kama-Mara at Kamakhya (the two integrated catalyst-villains exchange a single recognition-letter at week 14); cross-kingdom shade-administrator network with Khoda-Jaya at Lower Subansiri (the sub-cult's senior delegate); cave-Tibetan-dialect bridge to the cave-system on the Bhutan-Arunachal border zone (the kingdom's northernmost wound-line — still home to Tamasi the Ch 1 sister-figure and the cave-dwellers; Asta-Asura visits the cave-system once per quarter under the Temple's formal mission-of-mercy clause),—,"The saga's THIRD INTEGRATED catalyst-villain after Kama-Mara at Kamakhya (mirror-bond integration) and the implied integration-pattern of the Heralds-named-not-killed rule. The first integrated catalyst-villain to NOT take the bond — Asta-Asura is the shade-master of the Temple but holds no formal gayal-bond mark. His authority is institutional (the Order's shade-master seat) and relational (the shadow-twin bond with Udayagiri), not bond-based. By Ch 3 he becomes the Temple's standing voice into the NE Federation's wound-administration; will travel to the Sanctuary only by exception (the 3-year restriction is held). By Ch 4 he is the saga's institutional reference for all virtue-charter wound-architecture questions. The cult-name (the night-cult) is retained in the Order's records as the members' earned name; the formal Order-name (the Order of the Dawn-Shadow Temple) sits alongside it in the registration document."
sikkim,Sikkim,northeast,2,catalyst-exiled-future-herald,Krodha,alive-exiled,The Refugee Father — Forged-Identity Camp-Organiser,"Returned from his Ch 1 Lachen-pass exile in spring 2024 with a forged Tibetan identity ('Krodha-Sherpa of Pelliang Village') and a 30-page pencil-written autobiography (the most sophisticated false-identity document the Beyul-Kshetra intake system has ever processed). Welcomed at intake under the Compassion-Charter at intake-number 9,847 by junior monk Lobsang. Built the Compassion-Reciprocity Council into a 4,700-member parallel-government across 2.5 years; in the final 3 months opened an evening sub-council recruiting autumn-surge boys (12-year-old Tashi-the-cousin among them) toward a doctrine of senior-monk replacement. Stole the Chintamani from the Rumtek inner sanctum at 1:47 p.m. during the autumn Refugee-Blessing Ceremony's standard 15-minute seating-rotation interval, via a precisely-timed butter-lamp-adjustment movement past the central altar. Hidden the jewel in the upper chamber of the dawn-prayer-wheel beside barrack 17-C. Identified by 16-year-old refugee Pema-Chöden at dawn of day 47 from her childhood drawing of his face (drawn 8 years earlier at Pelliang Village age 8 at her mother's instruction). Confronted by Kanchenjunga at the south-camp central plaza at noon. Chose to accept the boundary publicly with a Pelliang-style shallow bow rather than resist — the restraint was its own danger-flag. Led 600 followers across the Lachen pass into the Bhutan-Tibet border zone over 3 days. Survives Ch 2. Per D10 returns at end of Ch 3 as the saga's Fourth Herald.",Was Sikkim's Chapter One villain; coordinates (covertly, through correspondence channels later partially recovered) with Adharma-Kendra of MP and Naga-Rakshasa across the Burmese border — the wider villain-network's NE node; his evening sub-council's substitution-of-voice in 12-year-old Tashi-the-cousin establishes a new villain-technique not yet documented in the saga's prior chapters,—,"The saga's most strategically successful Chapter Two infiltrator. The first villain to defeat an unconditional-welcome charter by exploiting the welcome itself. The MISCALCULATION was the daughter of his Pelliang-Village deputy-headmaster years who had drawn his face in coloured pencils at age 8 in 2018. Per D10 his exile across the Lachen pass is preparation, not punishment — he returns at end of Ch 3 as the saga's Fourth Herald. Heralds are NAMED, not killed (Karnataka rule, reaffirmed for Sikkim). His evening sub-council's voice-substitution technique on 12-year-old Tashi-the-cousin is the saga's first documented Maw-adjacent psychological-implantation — Tashi recovers at week 4 of Lobsang's rehabilitation programme, the recovery providing the case-study that informs Ch 3 and Ch 4 Herald-conversion protocols."
bihar,Bihar,east,2,catalyst-forged-faculty-escaped-bhutan,Acharya Ghora,alive-warrant-issued-bhutan-border,The Forged Nalanda-Faculty-Appointment — Tamasa in the Scholar's Saffron-Shawl,"Was Tamasa-the-Ashoka-Chaya-administrator at the Ch 1 Pataliputra confrontation; spared at the Ch 1 climax under the kingdom-council's standing-administrative-rehabilitation clause. Studied Nalanda-University-faculty-appointment standing-protocols across 2020-2024 at the standing-public-library's standing-academic-record reading-room. Returns autumn 2024 with a standing-forged Nalanda-faculty-appointment-letter (Department of Magadhi-Prakrit Comparative-Philology; designation 'Visiting Acharya'; 3-year appointment-period; forged at the Bhopal-printing-press by the same Singapore-funded forgery-cell that produced Naga-Rakshasa's 16 DNA-rite kits at Sikkim and Tri-Yantra-Bheda's civil-engineering-vulnerability doctorate at Sangam-Tamilakam — confirmed at week 11 cross-referencing the standing-Singapore source-account wire-record at the Reserve-Bank-Patna-Branch). Holds private audiences with Nalanda Mahasthavira Acharya Vasudha-of-the-Manuscript and Vajra-Sangha Senapati Bhima-of-the-Plains across weeks 1-6. Funds Nalanda printing-press at ₹3.2 crore and Vajra-Sangha weapon-procurement at ₹3.5 crore from the same Singapore source-account; each order believes the fund is from the other order's treasury. Engineers the seventh-week-riot at the standing-Nalanda Reconstructed Library's standing-northern-courtyard via 12 paid student-agents (6 Nalanda-aligned, 6 Vajra-Sangha-aligned). Observed at the northern-courtyard at 1:43 a.m. by V. Singh (Forest-Department ranger present at standing-overnight-administrative-duty rotation). Library catches fire at 1:54 a.m.; Acharya Vasudha-of-the-Manuscript dies at 3:03:31 a.m. in the standing-manuscript-vault; library-structure-collapse completes at 3:11 a.m. Disappears toward standing-Patna-Gaya road by 4:11 a.m.; reaches standing-Bhutan-border by Friday week 8. Standing-State-Police standing-warrant issued at the standing-amended-charter ratification-day. Survives Chapter Two through international-border-escape.","Was Tamasa-the-Ashoka-Chaya-administrator (Ch 1); funded by the same Singapore source-account that funds Naga-Rakshasa (Sikkim — confirmed), Tri-Yantra-Bheda (Sangam-Tamilakam — confirmed), Sona Tendulkar's cousin-network (Goa Tendulkar cell — suspected), and the standing-12-name-cross-network Eastern field-operatives standing-Bhutan-border safehouse cohort; standing-Eastern-Federation cross-network field-operative with Adharma-Kendra (Tripura — captured) and Vinasha-Garbha (Arunachal Patkai-corridor cell — active)",—,"The forgery-cell's standing-Eastern operations-base is the Bhopal-printing-press. The standing-cross-network-investigation's standing-evidence-document E-47 (Senapati-Junior Rakta-Eyed Surya's Singapore-source-account refund-transaction at Reserve-Bank-Patna-Branch dated week-3) is the kingdom-council's standing-cross-network primary evidence-anchor for the standing-Eastern operations. Per Ch 3 plan Acharya Ghora is one of the standing-villain-network's Eastern field-operatives alongside Adharma-Kendra's standing-network and Vinasha-Garbha's standing-Patkai-corridor cell. The kingdom-council's standing-mob-justice protocol did not apply at Ghora's escape because Ghora was not unmasked at a standing-public-position (his standing-forged-faculty-appointment was investigated as a standing-administrative-document offence rather than a standing-religious-tradition-impersonation offence — the standing-Sixth-Clause criminalises both but the standing-mob-justice protocol applies only when the standing-impersonation is unmasked at a standing-charter-foundational public-ritual moment, which the standing-library-burning was not). The standing-Bhutan-border escape-route is the standing-Eastern field-operative exfiltration-pattern across the standing-network's standing-12-name register."
jharkhand,Jharkhand,east,2,catalyst-forged-development-phd-escaped-bangladesh,Acharya Hari-Mohan Mahato (Vana-Raksha),alive-warrant-issued-phuentsholing-safe-house,The Vana-Vidya Trust Founder-Director — Vana-Raksha in Khadi-Kurta With a Forged Development-PhD,"Was Vana-Raksha-the-Saranda-forest-overseer at the Ch 1 Hazaribagh confrontation in October 2022; spared at the Ch 1 climax under the kingdom-council's standing-administrative-rehabilitation clause; transferred to a non-disclosed northern district. Re-emerged in winter 2021 with a forged Indian Forest Service consultant's identity-card (serial-number 2 digits too high for the year of issue) and a forged Tata Institute of Social Sciences development-PhD certificate dated June 2018 (forged at the Bhopal-printing-press by the same Singapore-funded forgery-cell that produced Acharya Ghora's Bihar Nalanda-faculty appointment-letter, Naga-Rakshasa's 16 DNA-rite kits at Sikkim, and Tri-Yantra-Bheda's civil-engineering-vulnerability doctorate at Sangam-Tamilakam — confirmed at week 6 of the felling-period via Birsa-Aaj's informer-delivered letter cross-referencing the standing-Singapore source-account at the Reserve-Bank-Patna-Branch wire-record). Founded the Vana-Vidya Trust as a 12A-registered tribal-education charity in March 2022 with a anonymous-philanthropic-corpus of ₹311 crore at the standing-State-Bank-of-India Hazaribagh-Branch corpus-account (the corpus traced to the standing-Singapore source-account through the 53-week wire-record cross-reference). Opened 14 schools across the Saranda-forest catchment by autumn 2024 (11,243 enrolled children). Cycled ~327 boys through the Karanpura training-cell into Aditya-Coal subcontracting wages (~112 standing-active-mine-workers at ₹311-411/day; 6 deaths from pneumoconiosis or accident across 2023-25). Visited each of the 12 coal-tribal council-members at his home across spring-summer-autumn 2025 with mahua-tea, classroom-visit photographs, Karanpura training-cell son-at-the-mine attendance-record certificates, and the Aditya Saranatu-Sarna extraction-license proposal-document. Engineered the Tuesday-week-5 council vote (24-21, 3 abstentions). Did not visit Sukhdeo-Aaj's funeral on day-15; sent condolence-cell driver with ₹2-lakh cheque instead. Departed Pasanda Vana-Vidya School at 5:11 a.m. day-18 with ₹17-lakh cash and 10 of 11 evidence-letters from the headmaster-cabin third-drawer (the Birsa-Aaj-taken letter had been the 11th he failed to retrieve in his hurried 4:11-a.m. cleaning). Drove the Hazaribagh-Daltonganj highway westward day-18. Reached the Bangladesh-border Murshidabad crossing at 4:11 a.m. Friday week 10 via the West-Bengal jurisdictional gap. Received at the Phuentsholing safe-house by the Vinasha-Garbha Patkai-corridor cell at 7:11 p.m. Sunday week 11. Survives Chapter Two through international-border-escape.","Was Vana-Raksha-the-Saranda-forest-overseer (Ch 1); funded by the same Singapore source-account that funds Naga-Rakshasa (Sikkim — confirmed), Tri-Yantra-Bheda (Sangam-Tamilakam — confirmed), Acharya Ghora (Bihar — confirmed), Sona Tendulkar's cousin-network (Goa Tendulkar cell — suspected); cross-network field-operative with Acharya Ghora (Bhutan-border Phuentsholing safe-house) and Vinasha-Garbha (Patkai-corridor cell — coordinator of the North-East cross-corridor smuggling-route between East-cluster and NE-Federation kingdoms)",—,"The Vana-Vidya Trust pattern (well-administered tribal-school network as labour-recruitment cover) is the standing-cross-network's standing-Eastern-Federation philanthropic-credentials operations-pattern. The standing-Bhopal-printing-press is confirmed as the cross-network's standing-Eastern operations-base for forged academic-and-administrative credentials. The Pasanda Vana-Vidya School headmaster-cabin third-drawer was the Acharya's standing-Tuesday-Saturday-evening evidence-cupboard; his standing-administrative-clerk's Wednesday-morning 7:11 a.m. locking-responsibility was the standing-routine that the standing-villain-network's adult-pattern-recognition protocols did not surveil for thirteen-year-old reading-class informer-walk vectors. Per Ch 3 plan Acharya Hari-Mohan Mahato runs the Bangladesh-border Phuentsholing safe-house cell coordinating with the Vinasha-Garbha Patkai-corridor for the North-East cross-corridor smuggling-route. The standing-amended Vana-Agni charter's standing-Fourth-Provision cross-network villain-funded NGO 12A registration-disqualification-clause is the saga's standing-first cross-network villain-funded charity revocation-precedent; the standing-State-Forest-Department licensing-cell standing-disqualification-protocol shall apply retrospectively to all 12A-registered Trusts traced to the standing-Singapore source-account across the Eastern-Federation catchment."
west-bengal,West Bengal,east,2,catalyst-riser-twin-bhutan-border-exfiltration,Kala-Nadi,alive-bhutan-border-phuentsholing-safe-house,The Dark-Twin Who Rose From the Gosaba-Island Mudflat Mirror-Perfect — Saga's First Riser-Not-Returner Villain,"Saga's FIRST villain who is not a returner but a RISER — does not return from a Ch 1-spared position; walks out of the 38-year Gosaba-island shadow-presence for the first time. Sundarvani's identical-twin by 1988 Calcutta-Medical-Hospital natural-twin-birth: Kala-Nadi born 4:11:00 a.m. April 11 1988; Sundarvani born 4:22:00 a.m. April 11 1988; 11-minute birth-priority is Suryavamsha-tradition Patrilineal-Primogeniture petition evidence-anchor. Split-at-birth at 1988 administrative-error (logged stillborn at birth-record but secretly given to paternal-grandmother's Gosaba-island custodial-care 1988-2010 under Ganesh-Babu's private-arrangement to honour Suryavamsha-tradition darker-skin-twin tradition-stigma at future-Sundarvani bridge-marriage arrangement). Raised at Gosaba-island paternal-grandmother residence 1988-2010 in isolation from Sundarvani; grandmother died 2010 at age 81 holding photograph she would not show to Sundarvani at deathbed reading. Kala-Nadi remained at Gosaba-island tidal-mudflat shadow-presence 2010-2026 in mirror-observation discipline of Sundarvani's every motion across 16-year window. Single 2024 secret-night-visit to Hindusthan Park flat — cross-referenced jasmine-and-sandalwood perfume brand at bathroom-cabinet, luchi-and-aloo-tarkari recipe at kitchen-spice configuration, bedtime-story cadence at Suryamukha's bedroom-observation window; memorised the patterns. Stood up from Gosaba-island eastern-mudflat at the buried-to-the-waist 6-hour Saturday-night exposure position at 4:11 a.m. April 11 2026 (her 38th birthday). Took first walking-step toward mangrove-tree line at 4:11:11 a.m. Walked Sundarbans-to-Calcutta 411 km in 63 hours at ~6.5 km/h. Arrived Bhowanipore mansion 4:11 p.m. Tuesday week 1. Recognised by Ganesh-Babu by delta-mud at her ankles. Cultivated Suryamukha across 11 weekend-visits May-June through mirror-perfect mother-imitation discipline. Claimed Suryamukha 4:11 p.m. Sunday week 9 at southern-veranda. Departed Bhowanipore at noon Sunday week 11 at Adharma-Kendra exfiltration-protocol with Suryamukha and Ganesh-Babu; reached Bhutan-border Phuentsholing safe-house 7:11 p.m. Wednesday week 12. Survives Chapter Two.","Sundarvani's identical-twin by 1988 natural-twin-birth at Calcutta-Medical-Hospital; raised by paternal-grandmother Rohini-Bibi-Tudu (deceased 2010 age 81) at Gosaba-island custodial-care 1988-2010 under Ganesh-Babu's private-arrangement; Adharma-Kendra cross-network Bloodline-mixing cultivation-protocol target since 1988 (paternal-grandmother instructed by Adharma-Kendra through Ganesh-Babu to raise Kala-Nadi at twin-mirror discipline; the relationship is the cross-region planning document's Bloodline-C+B integration explainer); Suryamukha cultivation-target since May 2025 (Adharma-Kendra cross-network Bloodline-C+B nephew-acquisition operation); standing-Eastern field-operative cell partner of Acharya Ghora (Bhutan-border Phuentsholing), Acharya Hari-Mohan Mahato/Vana-Raksha (Bangladesh-border Murshidabad to Phuentsholing), and Vinasha-Garbha (Patkai-corridor) at the Phuentsholing safe-house cell joint-operation",—,"Saga's FIRST riser-not-returner villain. The standing-mirror-observation discipline at the 38-year shadow-presence is the saga's standing-most refined mother-imitation cultivation-protocol; the standing-mathematical-mirror precision at Sundarvani's cadence is the standing-Adharma-Kendra cross-network Bloodline-C+B mother-imitation cultivation-cell's standing-prototype operation. The standing-mother-imitation discipline has a finite-duration (the standing-bedtime-story 11th-paragraph mother-line pause Bilash-Babu observed at 11:11 p.m. Friday week 11 is the standing-fracture-anchor); per Ch 3 plan the standing-mother-imitation collapses at the Gosaba-island final twin-confrontation when Kala-Nadi cannot deliver the Sundarvani mother-cadence at the standing-death-moment; Suryamukha recognises the Sundarvani-real cadence at the confrontation-aftermath. Killed by Sundarvani at the Ch 3 early twin-confrontation at the Gosaba-island; mutual-kill outcome — both twins die at the confrontation-injury (Sundarvani dies ~47 minutes after Kala-Nadi at the pre-mortality window during which Suryamukha returns to her side). The standing-Phuentsholing safe-house cell will be raided at the Ch 3 mid-spring Eastern-Federation joint-operation; Ganesh-Babu is killed by Bilash-Babu at the Bhowanipore mansion confrontation late-Ch 3 at the Sundarvani-funeral aftermath."
